19,Walking,130056001497000,12.15,-1.42,7.27
19,Walking,130056041627000,11.11,6.24,0.91
19,Walking,130056081636000,15.55,13.29,0.27
19,Walking,130056121522000,12.37,16.55,-2.79
19,Walking,130056161470000,3.41,9.47,-0.04
19,Walking,130056241487000,-0.42,1.99,-1.54
19,Walking,130056281496000,-1.12,1.31,-1.84
19,Walking,130056321626000,-0.65,2.6,-3.3
19,Walking,130056401430000,15.94,14.63,13.14
19,Walking,130056441530000,16.55,12.11,-3.76
19,Walking,130056481630000,10.8,11.92,-2.07
19,Walking,130056521547000,5.52,8.24,2.07
19,Walking,130056601503000,4.99,6.55,-1.5
19,Walking,130056641634000,6.28,7.06,-0.8
19,Walking,130056681612000,3.95,3.38,-0.34
19,Walking,130056721468000,4.21,3.6,-0.38
19,Walking,130056761476000,7.12,4.99,-1.46
19,Walking,130056921419000,15.13,4.56,0.91
19,Walking,130056921419000,15.13,4.56,0.91
19,Walking,130056921419000,15.13,4.56,0.91
19,Walking,130056961610000,15.75,1.95,4.67
19,Walking,130057041627000,13.91,9.04,-1.61
19,Walking,130057081544000,14.82,15.89,-0.65
19,Walking,130057121492000,7.89,15.47,-0.84
19,Walking,130057201662000,0.34,2.96,-1.8
19,Walking,130057241579000,-0.23,1.33,-1.65
19,Walking,130057281618000,-0.76,1.95,-3.26
19,Walking,130057321504000,-0.53,3.26,-3.26
19,Walking,130057401613000,17.08,11.8,5.2
19,Walking,130057441621000,14.18,7.82,-4.52
19,Walking,130057481538000,11.92,12.64,3.6
19,Walking,130057521547000,6.4,9.23,-1.95
19,Walking,130057601625000,5.79,6.47,-0.69
19,Walking,130057641634000,6.47,6.13,-0.57
19,Walking,130057681520000,3.68,2.83,-0.57
19,Walking,130057735841000,4.29,4.06,-0.69
19,Walking,130057772493000,5.2,4.4,-1.14
19,Walking,130057811555000,8.08,6.28,-1.38
19,Walking,130057891634000,13.59,6.24,-1.38
19,Walking,130057931490000,16.47,4.21,0.3
19,Walking,130057971773000,15.24,-1.5,7.7
19,Walking,130058011598000,10.61,2.98,1.95
19,Walking,130058091493000,14.18,16.4,-0.69
19,Walking,130058131624000,5.71,11.88,-0.89
19,Walking,130058171602000,1.5,4.71,-1.76
19,Walking,130058251619000,0.11,1.99,-2.53
19,Walking,130058291475000,-0.69,2.41,-3.41
19,Walking,130058331514000,0.04,3.99,-2.6
19,Walking,130058371584000,10.76,11.18,11.73
19,Walking,130058451631000,10.76,7.12,-4.06
19,Walking,130058491487000,10.46,10.69,1.5
19,Walking,130058531404000,4.48,6.4,0.15
19,Walking,130058571596000,3.91,5.43,-0.84
19,Walking,130058611635000,6.05,7.78,-0.8
19,Walking,130058691469000,3.53,2.96,-0.19
19,Walking,130058731508000,4.25,3.21,-0.53
19,Walking,130058771699000,6.43,5.05,-1.12
19,Walking,130058851564000,10.08,5.83,-1.18
19,Walking,130058901521000,14.1,5.09,-1.42
19,Walking,130058941499000,17.46,3.64,1.23
19,Walking,130058981538000,11.88,0.23,6.09
19,Walking,130059021638000,12.07,6.28,0.38
19,Walking,130059061525000,14.63,11.07,-0.04
19,Walking,130059141481000,3.98,9,-1.92
19,Walking,130059181642000,1.04,4.25,-1.95
19,Walking,130059221498000,0.42,2.11,-2.45
19,Walking,130059301485000,-0.72,3.53,-3.45
19,Walking,130059341646000,1.08,4.79,1.69
19,Walking,130059381654000,14.02,11.84,13.14
19,Walking,130059421632000,14.6,11.8,-1.76
19,Walking,130059461519000,11.99,9.85,-1.5
19,Walking,130059541597000,2.83,4.29,-0.99
19,Walking,130059581636000,5.63,6.44,-0.69
19,Walking,130059621522000,6.74,6.89,-0.53
19,Walking,130059661470000,3.21,4.33,-0.76
19,Walking,130059741518000,4.29,5.48,-1.04
19,Walking,130059781496000,6.32,5.83,-0.93
19,Walking,130059821474000,9.53,6.59,-1.08
19,Walking,130059901491000,15.36,5.67,-1.23
19,Walking,130059941469000,18.12,1.88,1.61
19,Walking,130059981660000,12.6,-1.46,6.02
19,Walking,130060021486000,12.22,6.24,-0.72
19,Walking,130060101472000,11.56,15.02,-2.83
19,Walking,130060141511000,3.68,9.19,-0.8
19,Walking,130060181642000,0.5,4.25,-2.37
19,Walking,130060221468000,0.38,2.98,-3.02
19,Walking,130060301607000,-0.61,3.26,-3.02
19,Walking,130060341493000,1.53,6.17,3.76
19,Walking,130060381624000,14.82,13.99,13.14
19,Walking,130060421632000,10.95,9.58,-1.8
19,Walking,130060501436000,8.43,12.64,1.73
19,Walking,130060541505000,3.95,6.36,-1.14
19,Walking,130060581636000,5.09,6.47,-1.57
19,Walking,130060621645000,6.85,7.74,-0.89
19,Walking,130060701509000,3.83,2.53,-0.19
19,Walking,130060741640000,6.09,4.02,-0.23
19,Walking,130060781465000,7.59,4.48,-0.89
19,Walking,130060821504000,9.23,5.18,-0.93
19,Walking,130060901521000,15.75,6.17,-0.5
19,Walking,130060941621000,15.17,3.21,-0.65
19,Walking,130060981660000,10.69,0.53,5.01
19,Walking,130061021516000,13.1,7.59,2.3
19,Walking,130061101472000,9.66,15.6,-0.31
19,Walking,130061141511000,3.11,8.43,-1.61
19,Walking,130061181703000,0.76,4.37,-2.15
19,Walking,130061221498000,0.15,1.92,-2.22
19,Walking,130061301546000,-0.5,2.56,-1.73
19,Walking,130061341493000,0.76,3.95,-0.34
19,Walking,130061381502000,14.25,8.08,12.79
19,Walking,130061421480000,19.46,8.85,-1.57
19,Walking,130061501527000,10.92,14.82,4.75
19,Walking,130061541505000,5.28,8.2,-1.76
19,Walking,130061581544000,2.91,4.82,-0.57
19,Walking,130061621645000,6.05,7.63,-0.95
19,Walking,130061661470000,5.94,6.17,-0.93
19,Walking,130061741548000,3.26,3.45,-0.8
19,Walking,130061781496000,5.67,5.43,-1.31
19,Walking,130061821535000,8.24,6.28,-1.18
19,Walking,130061901491000,11.73,5.75,-0.84
19,Walking,130061951662000,16.13,4.1,0.19
19,Walking,130061991457000,14.86,0.72,1.08
19,Walking,130062031618000,9.7,1.18,5.6
19,Walking,130062071870000,14.02,7.93,0.19
19,Walking,130062111513000,15.75,13.87,-1.38
19,Walking,130062151491000,8.92,14.21,-0.27
19,Walking,130062214845000,0.99,4.75,-1.95
19,Walking,130062291475000,-0.27,1.38,-3.15
19,Walking,130062331636000,-0.93,3.17,-3.21
19,Walking,130062371614000,-0.23,4.86,-1.5
19,Walking,130062411562000,10.27,9.04,15.17
19,Walking,130062491609000,13.29,7.59,-3.91
19,Walking,130062531465000,10.92,10.23,0.23
19,Walking,130062571504000,4.71,7.25,1.33
19,Walking,130062651521000,5.71,6.89,-0.69
19,Walking,130062691591000,5.37,5.05,-0.53
19,Walking,130062731508000,4.37,3.21,-0.5
19,Walking,130062771638000,5.2,4.14,-0.57
19,Walking,130062851503000,6.43,4.82,-0.93
19,Walking,130062891481000,9.11,6.36,-0.99
19,Walking,130062931490000,10.53,6.55,-1.27
19,Walking,130062971590000,12.72,5.67,-1.69
19,Walking,130063051515000,12.76,2.68,2.14
19,Walking,130063091646000,11.84,8.77,5.28
19,Walking,130063131624000,13.1,11.03,0.19
19,Walking,130063171663000,10.72,12.95,-2.18
19,Walking,130063251649000,1.42,4.37,-1.5
19,Walking,130063291475000,0.08,2.26,-2.18
19,Walking,130063331514000,-0.76,2.37,-2.79
19,Walking,130063371584000,-0.69,4.14,-3.11
19,Walking,130063451662000,16.09,10.04,12.45
19,Walking,130063491518000,16.89,6.55,-2.72
19,Walking,130063531740000,10.34,5.86,-1.84
19,Walking,130063571596000,9.96,14.56,2.64
19,Walking,130063651613000,4.52,5.33,-1.04
19,Walking,130063691469000,6.02,5.86,-0.76
19,Walking,130063731630000,5.28,4.4,-0.46
19,Walking,130063771638000,3.49,2.83,-0.34
19,Walking,130063851656000,5.75,4.56,-1.04
19,Walking,130063891481000,7.65,5.33,-1.23
19,Walking,130063931642000,11.07,6.24,-1.18
19,Walking,130063971620000,13.99,6.4,-1.31
19,Walking,130064051485000,13.87,0.23,4.33
19,Walking,130064091646000,11.65,3.38,1.31
19,Walking,130064131502000,15.21,8.58,-1.14
19,Walking,130064171754000,14.44,14.1,-1.92
19,Walking,130064211458000,7.93,7.16,-0.89
19,Walking,130064291475000,0.89,3.3,-2.3
19,Walking,130064411256000,-0.65,3.3,-2.3
19,Walking,130064411256000,-0.65,3.3,-2.3
19,Walking,130064451570000,6.4,6.24,11.5
19,Walking,130064491487000,16.02,12.22,7.21
19,Walking,130064533022000,13.44,8.43,0.69
19,Walking,130064571443000,9.96,14.29,-2.98
19,Walking,130064611574000,4.29,7.25,0.34
19,Walking,130064691469000,6.93,8.77,-1.54
19,Walking,130064731630000,6.85,7.16,-0.76
19,Walking,130064771516000,4.06,3.06,-0.27
19,Walking,130064811525000,6.43,3.72,-0.57
19,Walking,130064891481000,7.7,3.53,-0.8
19,Walking,130064931520000,10.27,5.37,-1.54
19,Walking,130064971620000,11.8,5.67,-1.42
19,Walking,130065051637000,13.95,2.6,-0.61
19,Walking,130065091493000,12.45,3.38,7.35
19,Walking,130065131624000,14.1,8.92,-0.15
19,Walking,130065171632000,14.25,14.18,-0.61
19,Walking,130065251497000,1.92,7.08,-1.08
19,Walking,130065291475000,0.69,4.25,-1.8
19,Walking,130065331667000,0.04,2.34,-2.83
19,Walking,130065371645000,-0.76,2.3,-3.06
19,Walking,130065451479000,3.06,4.37,5.67
19,Walking,130065491609000,17.88,10.76,9.43
19,Walking,130065531587000,16.21,7.78,-2.26
19,Walking,130065571535000,10.23,10.88,2.07
19,Walking,130065651521000,2.6,4.75,-0.27
19,Walking,130065691469000,3.06,3.95,-0.5
19,Walking,130065731630000,7.25,7.7,-0.8
19,Walking,130065771608000,5.43,4.48,-0.5
19,Walking,130065831483000,4.4,3.45,-0.5
19,Walking,130065871400000,5.94,4.37,-0.76
19,Walking,130065912233000,7.5,5.6,-1.33
19,Walking,130065991457000,11.18,5.83,-1.5
19,Walking,130066031465000,14.14,5.22,-1.33
19,Walking,130066071596000,14.9,1.8,2.03
19,Walking,130066151491000,13.78,7.25,-1.99
19,Walking,130066191560000,17.16,14.48,-0.76
19,Walking,130066231508000,9.7,13.63,-2.22
19,Walking,130066271608000,1.95,6.4,-0.76
19,Walking,130066311555000,1.65,2.98,-1.08
19,Walking,130066391481000,-0.95,2.98,-2.72
19,Walking,130066431642000,-1.04,3.41,-3.45
19,Walking,130066471590000,0.38,5.01,2.72
19,Walking,130066511507000,13.72,10.23,-0.65
19,Walking,130066591615000,14.79,10.31,-1.38
19,Walking,130066631502000,9.15,10.08,1.5
19,Walking,130066671510000,2.18,5.18,-1.33
19,Walking,130066751588000,7.12,10.08,-1.73
19,Walking,130066791536000,3.91,4.37,-0.46
19,Walking,130066831514000,2.26,2.07,-0.27
19,Walking,130066871614000,4.99,4.71,-0.76
19,Walking,130066951479000,8.12,5.48,-1.18
19,Walking,130066991457000,11.88,6.28,-1.84
19,Walking,130067031496000,14.79,5.28,-1.73
19,Walking,130067071596000,17.08,3.06,-0.8
19,Walking,130067151521000,11.41,4.56,7.16
19,Walking,130067191621000,12.87,8.73,1.31
19,Walking,130067231966000,16.17,14.82,-1.61
19,Walking,130067271577000,8.58,12.07,-1.18
19,Walking,130067351503000,0.53,3.87,-1.99
19,Walking,130067391603000,0.11,3.64,-3.83
19,Walking,130067431520000,-1.12,3.76,-4.14
19,Walking,130067471742000,-1.04,3.83,-2.07
19,Walking,130067511568000,7.55,5.48,12.68
19,Walking,130067593202000,13.99,12.76,-4.33
19,Walking,130067631502000,10.8,11.11,-1.5
19,Walking,130067671632000,2.75,4.82,0.91
19,Walking,130067751436000,7.5,9.58,-1.14
19,Walking,130067791719000,5.41,5.83,-0.08
19,Walking,130067831514000,3.17,2.79,0
19,Walking,130067871614000,5.2,4.25,-0.34
19,Walking,130067951448000,8.08,4.67,-0.8
19,Walking,130067991609000,8.62,4.63,-0.89
19,Walking,130068031496000,11.03,5.24,-1.33
19,Walking,130068071596000,13.91,4.71,-1.04
19,Walking,130068111513000,9.15,3.38,4.79
19,Walking,130068191591000,12.37,9.7,4.33
19,Walking,130068231508000,13.72,11.75,0.46
19,Walking,130068271761000,9.11,11.54,-0.76
19,Walking,130068351503000,1.18,4.06,-0.89
19,Walking,130068391725000,0.23,3.21,-1.46
19,Walking,130068431490000,-0.15,3.95,-2.18
19,Walking,130068471590000,0.15,4.71,-1.84
19,Walking,130068511507000,17.16,8.5,4.63
19,Walking,130068591585000,19.7,5.79,-3.38
19,Walking,130068631502000,14.21,7.21,0.5
19,Walking,130068671632000,6.13,9.3,6.36
19,Walking,130068751466000,5.18,8.05,-1.76
19,Walking,130068791566000,5.63,8.05,-1.27
19,Walking,130068831514000,3.36,4.14,-0.65
19,Walking,130068871736000,3.3,3.57,-0.53
19,Walking,130068932558000,5.43,4.9,-0.95
19,Walking,130068971864000,7.63,5.75,-1.14
19,Walking,130069051515000,12.68,5.22,-0.8
19,Walking,130069091615000,14.63,3.76,-0.93
19,Walking,130069131624000,14.25,1.61,1.53
19,Walking,130069171632000,11.14,1.84,5.82
19,Walking,130069251649000,16.7,12.6,0
19,Walking,130069291627000,12.3,13.91,-2.15
19,Walking,130069331636000,3.79,8.85,-0.46
19,Walking,130069371675000,0.95,5.48,-1.8
19,Walking,130069451784000,-1.54,2.72,-3.34
19,Walking,130069491609000,-1.84,3.02,-2.34
19,Walking,130069531496000,-0.08,4.37,4.33
19,Walking,130069571565000,14.29,9.89,10.5
19,Walking,130069651552000,10,4.82,-7.08
19,Walking,130069691469000,13.63,14.6,0.5
19,Walking,130069731508000,3.57,7.59,0.95
19,Walking,130069771638000,3.83,6.63,-0.84
19,Walking,130069851533000,3.91,3.99,0
19,Walking,130069891634000,3.15,3.06,-0.15
19,Walking,130069931490000,5.79,5.79,-0.27
19,Walking,130069971620000,6.24,4.9,-0.42
19,Walking,130070051515000,10.42,5.86,-1.33
19,Walking,130070091646000,11.88,4.63,-1.5
19,Walking,130070131502000,14.06,2.96,-0.69
19,Walking,130070171754000,13.72,1.08,1.84
19,Walking,130070251497000,12.76,9.23,3.49
19,Walking,130070291597000,16.02,12.11,-1.23
19,Walking,130070331514000,9.23,12.79,-0.15
19,Walking,130070371645000,2.49,7.7,0.15
19,Walking,130070451479000,-0.5,4.1,-2.76
19,Walking,130070491487000,-1.12,3.3,-3.45
19,Walking,130070531465000,-0.89,3.79,-2.3
19,Walking,130070571657000,3.34,5.98,6.47
19,Walking,130070651521000,14.52,8.92,-0.89
19,Walking,130070691469000,9.3,11.37,-4.6
19,Walking,130070731508000,6.7,9.34,4.94
19,Walking,130070771516000,3.95,5.79,-3.64
19,Walking,130070851686000,4.25,7.44,-1.65
19,Walking,130070891481000,3.34,4.4,-0.89
19,Walking,130070931520000,3.98,4.52,-0.31
19,Walking,130070971651000,6.74,6.82,0.3
19,Walking,130071051698000,4.48,6.02,1.92
19,Walking,130071091615000,5.13,7.01,2.53
19,Walking,130071131502000,8.39,8.2,-2.11
19,Walking,130071171754000,10.23,7.7,-0.42
19,Walking,130071251619000,14.14,8.92,-2.37
19,Walking,130071291475000,13.25,13.14,2.91
19,Walking,130071331636000,9.49,13.1,1.33
19,Walking,130071371919000,5.6,8.77,-0.89
19,Walking,130071451479000,1.69,1.92,-0.34
19,Walking,130071491487000,0.76,1.65,-2.07
19,Walking,130071531496000,0.34,2.98,-3.11
19,Walking,130071572877000,0.95,4.33,-2.03
19,Walking,130071611482000,9.04,7.55,10.69
19,Walking,130071691469000,12.95,2.83,-2.15
19,Walking,130071731508000,13.21,5.9,-1.04
19,Walking,130071851411000,4.9,5.9,-1.04
19,Walking,130071851411000,4.9,5.9,-1.04
19,Walking,130071891511000,7.21,7.59,-0.76
19,Walking,130071931642000,4.14,3.49,-0.27
19,Walking,130071971620000,3.53,3.06,-0.38
19,Walking,130072051607000,6.28,4.14,-0.46
19,Walking,130072091493000,9.72,6.02,-1.04
19,Walking,130072131471000,12.64,6.78,-1.46
19,Walking,130072171754000,13.17,5.9,-0.57
19,Walking,130072251588000,13.1,2.87,5.05
19,Walking,130072291658000,12.26,6.32,-1.69
19,Walking,130072331636000,14.56,12.03,-0.46
19,Walking,130072371614000,9.38,12.57,-1.76
19,Walking,130072451509000,0.61,3.99,-1.54
19,Walking,130072491487000,-0.38,2.83,-2.76
19,Walking,130072531618000,-0.76,3.53,-2.87
19,Walking,130072571596000,-0.69,4.14,-1.88
19,Walking,130072651613000,12.72,6.97,9.04
19,Walking,130072691469000,18.05,11.35,-5.18
19,Walking,130072731477000,18.28,11.84,-2.41
19,Walking,130072771608000,7.27,8.01,4.06
19,Walking,130072851533000,4.75,6.09,-0.72
19,Walking,130072891481000,6.78,7.74,-0.72
19,Walking,130072931520000,3.87,3.76,-0.46
19,Walking,130072971620000,3.41,2.96,-0.42
19,Walking,130073051485000,6.43,4.33,-0.42
19,Walking,130073091493000,8.08,5.41,-0.65
19,Walking,130073131624000,10.5,6.51,-1.27
19,Walking,130073171632000,12.79,6.02,-1.38
19,Walking,130073251680000,11.8,2.56,3.91
19,Walking,130073291505000,13.25,7.01,2.22
19,Walking,130073331636000,15.17,10.92,-0.99
19,Walking,130073371614000,10.88,14.06,-1.04
19,Walking,130073451479000,0.57,4.44,-1.33
19,Walking,130073491487000,-0.72,2.64,-1.5
19,Walking,130073531496000,-1.61,1.69,-2.37
19,Walking,130073571596000,-1.08,2.87,-2.91
19,Walking,130073651491000,16.47,10.88,11.03
19,Walking,130073691469000,18.31,7.5,-2.56
19,Walking,130073731477000,10.46,6.51,-0.8
19,Walking,130073771516000,10.99,15.17,1.5
19,Walking,130073851503000,3.21,4.48,-0.57
19,Walking,130073891603000,6.93,8.5,-0.61
19,Walking,130073932436000,4.71,4.9,-0.38
19,Walking,130073971315000,2.53,2.6,-0.42
19,Walking,130074011324000,3.98,4.25,-0.46
19,Walking,130074091493000,8.16,6.51,-0.5
19,Walking,130074131624000,9.62,6.32,-1.23
19,Walking,130074171632000,12.68,6.36,-1.69
19,Walking,130074251588000,15.09,-0.08,1.08
19,Walking,130074291475000,10.38,-0.76,2.87
19,Walking,130074331605000,12.22,6.44,1.31
19,Walking,130074371645000,17.86,13.29,-2.15
19,Walking,130074451479000,2.14,7.7,-0.31
19,Walking,130074491548000,0.38,5.43,-1.38
19,Walking,130074531496000,-1.31,3.49,-1.92
19,Walking,130074571596000,-1.99,3.11,-2.72
19,Walking,130074651460000,5.05,5.41,10.92
19,Walking,130074691591000,16.47,13.44,8.88
19,Walking,130074731630000,13.63,11.11,-3.72
19,Walking,130074771608000,11.03,11.5,1.38
19,Walking,130074851503000,4.21,5.24,-0.61
19,Walking,130074891481000,5.94,5.98,-0.53
19,Walking,130074931490000,6.7,5.71,-0.46
19,Walking,130074971620000,4.4,3.21,-0.38
19,Walking,130075011507000,5.63,4.14,-0.57
19,Walking,130075091646000,6.4,4.06,-0.57
19,Walking,130075131471000,7.59,4.82,-0.76
19,Walking,130075171632000,10.23,5.94,-1.18
19,Walking,130075211488000,16.63,3.6,0.5
19,Walking,130075291444000,14.63,3.41,3.76
19,Walking,130075331636000,13.76,9.11,2.64
19,Walking,130075371767000,14.9,12.64,-1.8
19,Walking,130075451509000,2.07,8.66,-1.42
19,Walking,130075491640000,0.42,4.99,-2.56
19,Walking,130075531587000,-1.23,1.76,-2.3
19,Walking,130075571596000,-2.45,1.61,-3.21
19,Walking,130075651460000,3.98,4.1,7.01
19,Walking,130075691499000,17.88,11.6,8.58
19,Walking,130075731599000,18.85,10.8,0.84
19,Walking,130075771608000,13.53,11.8,0.19
19,Walking,130075851503000,1.46,3.79,-2.79
19,Walking,130075891603000,4.18,8.77,-6.74
19,Walking,130075931520000,5.09,8.5,-6.17
19,Walking,130075971742000,2.96,3.95,-2.53
19,Walking,130076051515000,5.2,4.94,-1.61
19,Walking,130076091493000,8.2,5.41,2.87
19,Walking,130076131502000,9.43,5.6,0.61
19,Walking,130076171693000,10.42,5.24,-1.04
19,Walking,130076251405000,13.38,2.26,-1.23
19,Walking,130076291627000,13.82,5.67,-0.99
19,Walking,130076331636000,15.94,10.8,0.15
19,Walking,130076371614000,15.4,15.79,-1.73
19,Walking,130076411592000,1.61,6.97,-1.5
19,Walking,130076491487000,-0.15,3.79,-3.02
19,Walking,130076531496000,-1.23,1.12,-3.53
19,Walking,130076571779000,-1.65,0.53,-3.15
19,Walking,130076651491000,6.59,6.85,11.99
19,Walking,130076691469000,15.98,14.21,8.92
19,Walking,130076731508000,13.06,10.12,-2.49
19,Walking,130076771547000,7.74,11.56,-3.53
19,Walking,130076851503000,3.36,5.43,-1.69
19,Walking,130076901643000,8.66,9.43,-1.99
19,Walking,130076941591000,6.74,5.48,-0.31
19,Walking,130076981630000,3.11,1.69,0
19,Walking,130077021516000,4.14,2.68,-0.04
19,Walking,130077061555000,6.32,4.18,-0.42
19,Walking,130077141511000,10.99,5.9,-1.18
19,Walking,130077181764000,14.02,5.24,0.11
19,Walking,130077221468000,15.09,3.06,0.19
19,Walking,130077301607000,13.1,5.79,-2.07
19,Walking,130077341646000,16.13,10.34,-2.49
19,Walking,130077381807000,15.05,16.4,-3.57
19,Walking,130077421480000,4.59,12.95,-1.04
19,Walking,130077501588000,-0.42,2.87,-2.49
19,Walking,130077541475000,-1.65,1.54,-1.8
19,Walking,130077581605000,-1.61,3.06,-3.3
19,Walking,130077621553000,-0.57,4.63,-0.46
19,Walking,130077701509000,15.51,11.8,2.64
19,Walking,130077741548000,12.03,6.44,-2.79
19,Walking,130077781618000,11.18,12.07,3.45
19,Walking,130077821474000,8.01,11.11,-3.49
19,Walking,130077901277000,3.79,3.72,-1.12
19,Walking,130077941927000,6.89,5.6,-0.76
19,Walking,130077981630000,4.71,3.53,-0.57
19,Walking,130078021516000,4.29,3.68,-0.72
19,Walking,130078061555000,5.63,4.94,-0.93
19,Walking,130078141603000,8.96,6.24,-0.93
19,Walking,130078181642000,11.07,5.79,-1.27
19,Walking,130078221620000,14.79,4.82,1.76
19,Walking,130078261690000,14.63,2.18,0.89
19,Walking,130078341646000,14.67,7.27,-1.92
19,Walking,130078382478000,16.55,14.86,-1.84
19,Walking,130078442201000,3.68,11.5,-0.46
19,Walking,130078481599000,1.33,6.78,-2.18
19,Walking,130078521608000,-0.38,2.96,-2.56
19,Walking,130078601472000,-1.23,2.6,-3.06
19,Walking,130078641511000,-0.65,3.64,-1.84
19,Walking,130078681764000,7.74,6.36,14.63
19,Walking,130078721468000,15.05,12.07,3.26
19,Walking,130078761537000,13.63,7.46,-3.6
19,Walking,130078841524000,10.69,11.65,-0.76
19,Walking,130078881593000,2.75,4.6,-0.42
19,Walking,130078921510000,4.86,5.56,-0.69
19,Walking,130079001741000,2.98,3.76,-0.42
19,Walking,130079051668000,3.26,5.05,-0.53
19,Walking,130079091463000,4.33,5.33,-0.5
19,Walking,130079131502000,6.43,6.13,-0.34
19,Walking,130079251375000,18.62,1.69,2.41
19,Walking,130079251375000,18.62,1.69,2.41
19,Walking,130079291597000,13.25,0.46,-1.76
19,Walking,130079331514000,13.38,3.6,-0.53
19,Walking,130079371614000,16.09,10.38,0
19,Walking,130079451479000,6.13,12.15,0.08
19,Walking,130079491457000,1.12,6.78,-2.18
19,Walking,130079531496000,-0.65,4.75,-3.34
19,Walking,130079571443000,-1.61,2.83,-3.49
19,Walking,130079651552000,-0.76,4.75,-1.95
19,Walking,130079691438000,5.82,5.09,12.3
19,Walking,130079731630000,15.17,13.33,8.66
19,Walking,130079771547000,11.03,12.87,-1.65
19,Walking,130079851656000,7.59,10.99,-2.26
19,Walking,130079891481000,4.14,4.75,0.04
19,Walking,130079931520000,6.05,5.79,0.23
19,Walking,130079971559000,8.58,6.28,-0.57
19,Walking,130080051485000,4.25,2.15,0.08
19,Walking,130080091493000,6.24,3.64,-0.04
19,Walking,130080131502000,8.54,4.4,-0.38
19,Walking,130080171602000,9.81,4.82,-0.69
19,Walking,130080251497000,14.4,4.06,-0.04
19,Walking,130080291566000,12.03,1.88,3.64
19,Walking,130080331483000,12.41,6.02,1.65
19,Walking,130080371614000,15.4,11.84,0.72
19,Walking,130080451479000,4.44,9.77,0.46
19,Walking,130080491579000,1.69,5.05,-1.38
19,Walking,130080531496000,0.84,3.83,-2.15
19,Walking,130080571565000,-0.04,2.3,-3.26
19,Walking,130080651491000,0.04,4.48,-2.45
19,Walking,130080691438000,8.85,7.44,13.21
19,Walking,130080731477000,18.31,13.76,5.24
19,Walking,130080771455000,12.3,6.85,-0.23
19,Walking,130080851564000,5.09,8.28,-1.33
19,Walking,130080891450000,1.61,2.64,-0.38
19,Walking,130080931520000,5.86,6.66,-0.65
19,Walking,130080971468000,8.2,8.66,-0.65
19,Walking,130081051515000,2.83,2.22,-0.46
19,Walking,130081091493000,5.63,4.6,-0.8
19,Walking,130081131624000,7.78,5.71,-0.93
19,Walking,130081171449000,10.04,6.36,-1.08
19,Walking,130081251466000,15.43,4.14,-0.61
19,Walking,130081291566000,15.94,0.46,2.37
19,Walking,130081331483000,11.22,1.33,6.02
19,Walking,130081371614000,14.44,7.7,-1.84
19,Walking,130081411714000,16.51,13.44,-1.54
19,Walking,130081491579000,2.03,7.86,0.04
19,Walking,130081531618000,1.14,5.22,-2.15
19,Walking,130081571474000,0.23,3.21,-3.64
19,Walking,130081651491000,-1.18,3.83,-3.21
19,Walking,130081691438000,2.22,5.09,7.16
19,Walking,130081731630000,13.25,9.15,11.92
19,Walking,130081771608000,16.59,12.53,-1.23
19,Walking,130081851595000,3.76,5.6,2.34
19,Walking,130081891420000,0.38,2.98,-2.07
19,Walking,130081931520000,6.05,9.34,-3.64
19,Walking,130081971559000,8.96,10.42,-1.14
19,Walking,130082051515000,3.02,1.69,0.46
19,Walking,130082091493000,5.05,3.38,0.3
19,Walking,130082131441000,6.51,4.71,-0.61
19,Walking,130082171571000,8.66,5.83,-1.23
19,Walking,130082251527000,14.82,4.9,0.23
19,Walking,130082291658000,15.75,2.45,-0.46
19,Walking,130082331514000,12.56,1.18,5.86
19,Walking,130082371614000,13.48,6.09,-1.46
19,Walking,130082451601000,12.68,14.18,-1.69
19,Walking,130082491457000,4.63,12.07,0.57
19,Walking,130082531557000,1.42,6.24,-2.07
19,Walking,130082571443000,0.04,3.45,-2.98
19,Walking,130082651613000,-0.53,1.23,-2.79
19,Walking,130082691408000,-0.42,4.1,0.99
19,Walking,130082731538000,10.38,9.66,14.21
19,Walking,130082771455000,16.63,9.85,1.42
19,Walking,130082811800000,14.6,8.81,-2.56
19,Walking,130082854189000,1.61,4.14,-1.42
19,Walking,130082941438000,4.25,6.21,-2.07
19,Walking,130082981660000,8.43,10.04,-1.33
19,Walking,130083021638000,4.63,4.52,-0.11
19,Walking,130083101564000,4.21,3.95,-0.46
19,Walking,130083141634000,6.17,5.09,-0.8
19,Walking,130083181612000,7.86,5.41,-1.12
19,Walking,130083221620000,10.19,5.52,-1.54
19,Walking,130083301607000,18.2,4.06,-1.08
19,Walking,130083341524000,14.21,0.23,3.17
19,Walking,130083382021000,10.31,5.18,6.85
19,Walking,130083421632000,13.76,8.69,0.84
19,Walking,130083501588000,7.82,12.37,-0.27
19,Walking,130083541505000,2.26,6.28,-1.42
19,Walking,130083581605000,0.69,4.37,-2.49
19,Walking,130083621584000,-0.72,2.83,-3.68
19,Walking,130083701479000,-1.42,3.53,-2.72
19,Walking,130083741640000,4.86,4.25,9.77
19,Walking,130083781740000,15.6,12.76,9.53
19,Walking,130083821504000,15.21,14.37,-2.41
19,Walking,130083901582000,4.82,6.74,0.19
19,Walking,130083941499000,2.49,3.6,-1.08
19,Walking,130083981752000,6.93,8.16,-1.57
19,Walking,130084021638000,8.27,7.89,-0.42
19,Walking,130084101472000,2.68,2.07,-0.08
19,Walking,130084141511000,5.2,4.14,-0.46
19,Walking,130084181642000,7.7,5.37,-0.65
19,Walking,130084221498000,10.04,6.13,-1.18
19,Walking,130084301790000,13.82,4.94,-1.27
19,Walking,130084341615000,16.17,2.37,0.42
19,Walking,130084381593000,10.19,0.08,6.51
19,Walking,130084421632000,12.11,5.94,-1.23
19,Walking,130084501588000,11.69,15.55,-0.95
19,Walking,130084541505000,4.06,9.96,0.5
19,Walking,130084581605000,1.5,4.4,-1.73
19,Walking,130084621645000,0.65,3.57,-2.3
19,Walking,130084701601000,-0.46,4.29,-2.3
19,Walking,130084741487000,0.69,5.48,1.14
19,Walking,130084781740000,11.56,7.06,12.95
19,Walking,130084821504000,17.62,8.62,-1.42
19,Walking,130084901613000,12.53,13.8,3.95
19,Walking,130084941469000,7.89,10.84,-1.04
19,Walking,130084981630000,2.6,3.79,-0.53
19,Walking,130085021486000,4.06,4.02,-1.38
19,Walking,130085101503000,5.33,3.83,-0.46
19,Walking,130085141481000,3.41,2.15,-0.19
19,Walking,130085181612000,5.33,3.79,-0.61
19,Walking,130085221498000,6.36,5.01,-1.08
19,Walking,130085301637000,11.18,6.28,-1.23
19,Walking,130085341493000,14.56,6.13,-1.5
19,Walking,130085381685000,15.01,2.98,2.56
19,Walking,130085421693000,12.83,1.04,4.56
19,Walking,130085461702000,13.48,5.24,-2.18
19,Walking,130085541627000,11.6,15.7,-1.84
19,Walking,130085581728000,3.3,8.92,-0.08
19,Walking,130085621522000,0.72,4.52,-2.11
19,Walking,130085661562000,-0.23,2.83,-3.41
19,Walking,130085741426000,-1.38,3.02,-2.22
19,Walking,130085781587000,0.91,4.18,5.79
19,Walking,130085821565000,13.17,9.43,12.11
19,Walking,130085901521000,13.72,12.3,-4.14
19,Walking,130085941621000,8.31,10.88,-0.23
19,Walking,130085981752000,1.46,3.6,-0.72
19,Walking,130086021547000,3.53,4.9,-1.76
19,Walking,130086101625000,5.37,4.86,-0.08
19,Walking,130086141511000,3.34,2.53,0
19,Walking,130086181642000,5.18,3.76,-0.31
19,Walking,130086221498000,7.01,4.44,-0.57
19,Walking,130086301668000,9.38,5.43,-1.04
19,Walking,130086341524000,12.22,5.52,-1.54
19,Walking,130086381746000,16.21,2.91,0.15
19,Walking,130086421510000,13.06,0.08,4.44
19,Walking,130086501619000,17.43,10.99,-0.38
19,Walking,130086541505000,15.05,15.89,-2.98
19,Walking,130086581789000,4.29,11.03,-0.42
19,Walking,130086621522000,1.42,3.02,-3.45
19,Walking,130086741396000,-1.12,3.02,-3.45
19,Walking,130086741396000,-1.12,3.02,-3.45
19,Walking,130086781862000,-0.34,4.56,-1.99
19,Walking,130086822115000,8.05,10.57,12.76
19,Walking,130086861696000,14.94,13.1,5.37
19,Walking,130086941499000,13.14,13.99,-4.79
19,Walking,130086981752000,5.71,7.21,1.18
19,Walking,130087021516000,2.11,2.72,-0.89
19,Walking,130087061555000,4.59,4.29,-1.65
19,Walking,130087141511000,4.63,3.57,-0.31
19,Walking,130087181764000,3.34,2.45,-0.15
19,Walking,130087221498000,6.13,4.48,-0.72
19,Walking,130087301698000,8.08,6.09,-1.04
19,Walking,130087341524000,10.53,6.32,-1.18
19,Walking,130087381746000,14.82,4.71,-0.57
19,Walking,130087421480000,17.2,-0.19,5.56
19,Walking,130087501619000,15.21,7.27,-1.88
19,Walking,130087541505000,17.39,15.02,-2.03
19,Walking,130087581758000,7.55,14.41,-1.65
19,Walking,130087621553000,1.27,6.78,-0.27
19,Walking,130087701479000,-0.11,2.96,-1.57
19,Walking,130087741518000,-0.31,3.57,-3.57
19,Walking,130087781618000,-0.34,4.02,-3.26
19,Walking,130087821626000,2.68,7.08,5.43
19,Walking,130087861574000,17.24,6.21,-0.95
19,Walking,130087941316000,10.34,7.4,0.08
19,Walking,130087981355000,12.83,15.17,-2.91
19,Walking,130088021486000,4.33,6.09,-0.53
19,Walking,130088061586000,1.53,2.26,-0.11
19,Walking,130088141511000,8.16,7.16,-1.04
19,Walking,130088181764000,3.95,3.11,-0.53
19,Walking,130088221498000,3.98,3.11,-0.42
19,Walking,130088261537000,6.7,6.28,-0.93
19,Walking,130088341524000,8.62,5.33,-0.89
19,Walking,130088382112000,12.34,5.6,-1.57
19,Walking,130088421480000,17.2,3.6,0.69
19,Walking,130088461549000,14.79,0.89,2.45
19,Walking,130088541627000,13.76,11.18,0
19,Walking,130088581667000,11.69,14.41,-1.12
19,Walking,130088621492000,5.24,10.19,-0.46
19,Walking,130088701479000,0.72,2.87,-2.18
19,Walking,130088741670000,0.19,3.53,-3.11
19,Walking,130088781587000,-0.31,4.6,-3.91
19,Walking,130088821504000,-0.95,4.99,2.26
19,Walking,130088861543000,17.31,10.19,0.27
19,Walking,130088941469000,17.69,6.17,0.27
19,Walking,130088981630000,9.19,10.57,6.89
19,Walking,130089021486000,8.92,11.45,-4.21
19,Walking,130089101472000,3.68,4.79,-1.69
19,Walking,130089141634000,6.7,7.35,-1.57
19,Walking,130089181642000,4.94,4.86,-0.95
19,Walking,130089221498000,4.1,4.18,-0.89
19,Walking,130089261507000,5.63,4.71,-0.8
19,Walking,130089341646000,7.97,5.48,-0.95
19,Walking,130089381624000,10.42,5.6,-0.99
19,Walking,130089421632000,12.56,5.22,-0.95
19,Walking,130089461549000,15.32,2.26,1.65
19,Walking,130089541658000,10.61,2.53,-1.31
19,Walking,130089581758000,15.7,8.12,-1.88
19,Walking,130089621553000,17.16,15.28,-2.72
19,Walking,130089701631000,1.38,8.35,-0.93
19,Walking,130089741518000,0.95,5.41,-2.03
19,Walking,130089781587000,-0.15,3.15,-2.37
19,Walking,130089821474000,-1.33,2.98,-2.18
19,Walking,130089861574000,-1.04,3.6,-2.87
19,Walking,130089941499000,15.43,8.47,10.08
19,Walking,130089981660000,16.04,10.42,-1.38
19,Walking,130090021516000,10.34,8.39,0.72
19,Walking,130090101442000,2.98,5.37,-0.72
19,Walking,130090141511000,2.03,1.92,-1.46
19,Walking,130090181673000,6.55,6.36,-2.26
19,Walking,130090221498000,7.01,6.44,-0.95
19,Walking,130090261690000,3.79,3.26,-0.42
19,Walking,130090341493000,6.51,5.43,-1.08
19,Walking,130090381746000,8.47,6.05,-1.14
19,Walking,130090421480000,10.65,5.6,-1.04
19,Walking,130090501619000,15.83,1.08,5.56
19,Walking,130090541505000,11.92,0.76,3.45
19,Walking,130090581667000,10.92,2.68,-1.76
19,Walking,130090621675000,14.82,6.82,-3.38
19,Walking,130090701479000,9,15.64,-0.5
19,Walking,130090741518000,2.26,7.59,-0.89
19,Walking,130090781618000,1.99,3.72,-1.54
19,Walking,130090821474000,0.89,2.45,-1.92
19,Walking,130090901460000,-0.72,3.83,-2.96
19,Walking,130090941499000,1.84,6.74,3.11
19,Walking,130090981630000,15.98,15.28,13.4
19,Walking,130091021516000,10.61,6.32,-0.5
19,Walking,130091101472000,13.63,14.02,-2.41
19,Walking,130091141511000,4.48,4.48,-1.04
19,Walking,130091181642000,1.69,1.61,0.04
19,Walking,130091221498000,5.18,3.87,0
19,Walking,130091261537000,7.82,5.94,-0.69
19,Walking,130091341554000,6.13,5.86,-0.93
19,Walking,130091381593000,6.85,6.89,-0.95
19,Walking,130091421510000,6.47,5.52,-0.42
19,Walking,130091501436000,11.92,5.33,-1.23
19,Walking,130091541627000,16.32,1.12,2.83
19,Walking,130091581789000,12.45,1.18,3.91
19,Walking,130091621645000,11.18,3.99,-2.26
19,Walking,130091701509000,16.13,15.13,-1.99
19,Walking,130091741548000,6.24,12.6,-0.38
19,Walking,130091782716000,3.02,7.55,-1.08
19,Walking,130091821504000,1.53,4.52,-1.76
19,Walking,130091901491000,-0.89,1.92,-2.53
19,Walking,130091941499000,-0.61,3.17,-1.95
19,Walking,130091981660000,1.5,7.63,5.05
19,Walking,130092021669000,14.82,14.1,11.22
19,Walking,130092061555000,15.24,7.55,-2.15
19,Walking,130092141481000,9.43,9.66,-3.49
19,Walking,130092181642000,3.06,3.68,-0.57
19,Walking,130092221468000,0.95,2.11,0.53
19,Walking,130092261537000,4.59,5.28,-0.42
19,Walking,130092341493000,4.4,4.6,-0.8
19,Walking,130092381593000,4.63,4.44,-0.31
19,Walking,130092421510000,6.82,6.47,-0.69
19,Walking,130092501497000,8.12,5.63,-0.42
19,Walking,130092541536000,9.53,5.22,-0.76
19,Walking,130092581605000,12.68,3.38,0
19,Walking,130092621584000,15.47,1.88,0.65
19,Walking,130092701662000,11.56,6.74,-0.57
19,Walking,130092741579000,13.59,12.79,0
19,Walking,130092781648000,11.33,15.4,-1.33
19,Walking,130092821504000,4.06,8.24,-1.99
19,Walking,130092861665000,2.96,3.06,-1.31
19,Walking,130092941469000,0.8,5.24,-1.31
19,Walking,130092981599000,-0.42,4.94,-2.45
19,Walking,130093021669000,-0.11,4.6,-1.46
19,Walking,130093061586000,6.24,7.4,9.11
19,Walking,130093141511000,14.71,5.18,-2.07
19,Walking,130093181642000,14.33,8.01,0.91
19,Walking,130093221620000,9.04,9.38,-2.64
19,Walking,130093301485000,1.69,2.34,0.19
19,Walking,130093341524000,5.01,5.9,-0.08
19,Walking,130093382021000,6.97,8.47,-1.04
19,Walking,130093421480000,3.98,5.43,-0.93
19,Walking,130093461549000,5.41,5.43,-0.46
19,Walking,130093501436000,6.66,5.43,-0.61
19,Walking,130093591707000,9.43,5.6,-0.5
19,Walking,130093631441000,9.77,4.75,-0.76
19,Walking,130093671541000,11.8,4.02,-1.46
19,Walking,130093751466000,11.95,1.8,2.53
19,Walking,130093791689000,11.75,8.92,2.91
19,Walking,130093831575000,13.06,13.72,-0.65
19,Walking,130093871614000,7.65,13.8,-1.14
19,Walking,130093951662000,2.72,3.21,-1.92
19,Walking,130093991609000,2.68,3.17,-1.76
19,Walking,130094031465000,0.53,5.28,-0.99
19,Walking,130094071718000,-0.38,4.86,-1.95
19,Walking,130094191408000,19.65,8.89,-1.14
19,Walking,130094191408000,19.65,8.89,-1.14
19,Walking,130094231386000,13.99,3.64,-2.41
19,Walking,130094271638000,14.14,10.31,0.69
19,Walking,130094351442000,1.8,4.52,2.26
19,Walking,130094391756000,1.5,2.49,-1.08
19,Walking,130094431520000,5.9,7.01,-2.49
19,Walking,130094471498000,6.89,8.96,-1.65
19,Walking,130094551668000,5.48,5.67,-0.8
19,Walking,130094591615000,6.63,5.52,-1.14
19,Walking,130094631624000,7.89,5.63,-0.95
19,Walking,130094671632000,8.58,5.43,-0.65
19,Walking,130094751436000,13.02,4.14,-1.69
19,Walking,130094791719000,16.7,2.91,1.73
19,Walking,130094831575000,12.26,0.99,5.01
19,Walking,130094871553000,11.45,5.24,2.11
19,Walking,130094911653000,12.64,11.69,-0.15
19,Walking,130094991579000,4.67,8.96,-1.8
19,Walking,130095031557000,3.3,5.37,-1.84
19,Walking,130095071504000,3.21,3.38,-2.11
19,Walking,130095151460000,-0.15,5.22,-1.88
19,Walking,130095191560000,-0.46,5.56,1.92
19,Walking,130095231477000,6.89,8.2,9
19,Walking,130095271547000,17.58,11.26,2.91
19,Walking,130095351595000,16.28,7.89,-0.89
19,Walking,130095391634000,7.31,7.4,-1.46
19,Walking,130095431520000,0.89,3.91,2.79
19,Walking,130095471498000,1.69,3.21,-0.5
19,Walking,130095551576000,6.4,7.82,-1.31
19,Walking,130095591585000,4.75,5.52,-0.93
19,Walking,130095631502000,5.75,5.94,-1.27
19,Walking,130095671632000,7.04,5.75,-1.14
19,Walking,130095751497000,8.5,5.22,-0.69
19,Walking,130095797914000,9.89,4.82,-0.99
19,Walking,130095833253000,12.49,4.14,0.57
19,Walking,130095871706000,13.44,2.76,0.04
19,Walking,130095951509000,13.1,5.13,-0.23
19,Walking,130095991701000,12.41,11.45,0.15
19,Walking,130096031618000,8.88,14.79,1.14
19,Walking,130096071504000,4.48,9,-1.61
19,Walking,130096151521000,3.64,3.95,-0.93
19,Walking,130096191560000,1.95,4.1,-1.12
19,Walking,130096231477000,0.42,4.75,-1.69
19,Walking,130096271547000,1.04,4.21,-1.57
19,Walking,130096351503000,18.73,7.93,4.67
19,Walking,130096391634000,13.95,1.54,0.69
19,Walking,130096431642000,12.68,7.86,3.3
19,Walking,130096471498000,11.54,10.73,-0.89
19,Walking,130096551454000,2.3,3.11,-0.38
19,Walking,130096591768000,3.95,5.28,-0.89
19,Walking,130096631624000,7.5,8.77,-1.38
19,Walking,130096671510000,4.67,4.99,-0.89
19,Walking,130096711519000,4.1,3.6,-0.46
19,Walking,130096791719000,8.62,6.89,-0.61
19,Walking,130096831514000,8.35,6.02,-0.38
19,Walking,130096871706000,8.12,5.22,-0.38
19,Walking,130096951601000,15.7,2.6,3.68
19,Walking,130096991640000,13.33,2.07,4.14
19,Walking,130097031465000,11.14,2.15,0.19
19,Walking,130097071565000,11.99,5.9,-1.08
19,Walking,130097151643000,7.44,14.33,-0.69
19,Walking,130097191560000,3.17,6.02,-1.61
19,Walking,130097231477000,4.48,2.49,-2.64
19,Walking,130097271516000,5.9,2.15,-2.11
19,Walking,130097351442000,-0.38,6.28,-2.26
19,Walking,130097391603000,-0.15,4.94,-0.19
19,Walking,130097431520000,6.43,9.81,9.04
19,Walking,130097471498000,14.71,9.34,3.36
19,Walking,130097511476000,18.12,8.96,-2.26
19,Walking,130097591768000,10.61,9.77,-1.38
19,Walking,130097631563000,0.11,5.63,7.35
19,Walking,130097671510000,2.41,4.18,0.89
19,Walking,130097751436000,6.85,6.89,-1.08
19,Walking,130097791658000,5.2,5.13,-1.14
19,Walking,130097831636000,6.89,5.83,-1.61
19,Walking,130097871553000,6.85,5.43,-1.33
19,Walking,130097911745000,5.98,4.18,-0.76
19,Walking,130097991609000,8.08,4.6,-0.8
19,Walking,130098050203000,10.53,4.94,-1.08
19,Walking,130098091737000,14.02,5.18,2.37
19,Walking,130098131502000,11.75,3.38,4.75
19,Walking,130098171510000,11.99,4.44,0.76
19,Walking,130098211610000,12.87,9.43,-0.08
19,Walking,130098291689000,5.18,7.7,-0.57
19,Walking,130098331514000,5.63,4.52,-2.37
19,Walking,130098371522000,6.85,4.48,-2.76
19,Walking,130098451631000,0.46,5.98,-1.31
19,Walking,130098491609000,-0.27,5.6,-1.73
19,Walking,130098531496000,1.18,4.56,-0.84
19,Walking,130098571565000,7.21,7.06,10.95
19,Walking,130098651491000,18.24,4.94,-3.41
19,Walking,130098691682000,17.88,6.89,-1.33
19,Walking,130098731569000,10.15,7.55,0.61
19,Walking,130098771516000,3.57,3.38,3.11
19,Walking,130098851503000,5.63,5.71,-1.69
19,Walking,130098891603000,7.55,10.99,-2.6
19,Walking,130098931642000,4.33,7.67,-1.31
19,Walking,130098971498000,4.33,4.94,0.11
19,Walking,130099051515000,8.73,6.89,-0.19
19,Walking,130099091615000,8.73,7.4,-0.72
19,Walking,130099131624000,9.85,5.71,5.43
19,Walking,130099171602000,8.35,7.63,-1.08
19,Walking,130099211702000,8.08,7.08,-1.23
19,Walking,130099291627000,10.53,5.52,-1.27
19,Walking,130099331636000,7.78,6.97,0.84
19,Walking,130099371675000,7.89,11.07,2.3
19,Walking,130099411531000,7.89,10.5,-1.04
19,Walking,130099491609000,3.98,11.18,-3.21
19,Jogging,130126231508000,-9.19,3.83,1.18
19,Jogging,130126271516000,-4.9,2.26,-2.03
19,Jogging,130126311586000,-1.18,-1.46,-1.61
19,Jogging,130126391603000,0.27,-1.27,-0.42
19,Jogging,130126431856000,-2.03,-0.53,2.22
19,Jogging,130126472475000,-9.43,5.56,-2.6
19,Jogging,130126472475000,-9.43,5.56,-2.6
19,Jogging,130126472475000,-9.43,5.56,-2.6
19,Jogging,130126641542000,-8.58,18.5,5.01
19,Jogging,130126681490000,2.3,10.04,4.14
19,Jogging,130126721498000,3.3,2.83,-1.04
19,Jogging,130126761537000,2.34,0.89,-0.76
19,Jogging,130126841524000,5.6,0.04,-1.33
19,Jogging,130126884218000,5.48,8.39,-4.1
19,Jogging,130126921388000,-3.3,19.76,-2.3
19,Jogging,130127001924000,-13.4,3.95,9.58
19,Jogging,130127041505000,-7.21,0.27,-0.57
19,Jogging,130127081605000,-2.45,-1.84,-1.8
19,Jogging,130127123628000,0.34,-4.48,-1.92
19,Jogging,130127201540000,-0.27,-1.12,-0.11
19,Jogging,130127241487000,-4.56,-1.27,-0.11
19,Jogging,130127281465000,-16.59,9.62,-5.24
19,Jogging,130127321504000,-19.23,18.31,-0.23
19,Jogging,130127401521000,-12.53,19.72,-3.45
19,Jogging,130127441652000,-7.21,17.67,4.94
19,Jogging,130127481599000,6.59,11.07,2.53
19,Jogging,130127521486000,2.64,2.79,-2.22
19,Jogging,130127601533000,10.53,-1.12,-2.79
19,Jogging,130127641511000,4.25,0.38,-1.31
19,Jogging,130127681612000,-0.23,15.05,-2.96
19,Jogging,130127721468000,-19.04,19.76,-2.53
19,Jogging,130127801515000,-9.7,-2.91,5.86
19,Jogging,130127841646000,-4.9,-0.99,-2.3
19,Jogging,130127881471000,-0.93,-3.83,-2.03
19,Jogging,130127921663000,0.89,-4.63,-2.68
19,Jogging,130128001649000,0,-1.23,-0.65
19,Jogging,130128041505000,-7.46,-0.34,-4.86
19,Jogging,130128081605000,-19.23,13.25,-4.56
19,Jogging,130128121675000,-19.19,17.05,-2.98
19,Jogging,130128201692000,-11.03,19.76,0.61
19,Jogging,130128241640000,-3.87,17.88,4.9
19,Jogging,130128281435000,5.56,9.85,-3.76
19,Jogging,130128321626000,4.33,3.41,-1.69
19,Jogging,130128401491000,5.98,-0.99,-0.08
19,Jogging,130128441652000,2.49,-0.19,-1.27
19,Jogging,130128481599000,0.04,14.79,-3.15
19,Jogging,130128521638000,-18.7,19.76,-6.09
19,Jogging,130128601503000,-6.97,-4.33,5.86
19,Jogging,130128641511000,-3.87,-4.4,-2.68
19,Jogging,130128681459000,-0.89,-5.56,-2.91
19,Jogging,130128721590000,-0.19,-3.72,-1.73
19,Jogging,130128801515000,-1.84,-0.84,-0.34
19,Jogging,130128841524000,-13.02,1.99,-6.21
19,Jogging,130128881593000,-18.31,10.92,-2.3
19,Jogging,130128921632000,-19.08,14.18,-5.56
19,Jogging,130128961671000,-19.04,19.46,2.34
19,Jogging,130129041658000,0.3,17.67,3.49
19,Jogging,130129081605000,6.43,7.01,-2.18
19,Jogging,130129121614000,6.89,1.54,-1.73
19,Jogging,130129201662000,5.2,-0.5,-0.23
19,Jogging,130129241640000,3.3,4.67,-2.83
19,Jogging,130129281435000,-8.43,19.65,-3.6
19,Jogging,130129321626000,-19.23,19.76,-4.86
19,Jogging,130129401491000,-9.51,-5.33,1.65
19,Jogging,130129441621000,-6.63,-5.94,-4.4
19,Jogging,130129481447000,-2.72,-6.43,-5.28
19,Jogging,130129521638000,-2.26,-3.68,-2.68
19,Jogging,130129601595000,-3.21,-2.26,0.19
19,Jogging,130129641634000,-11.22,0.5,0.11
19,Jogging,130129682649000,-16.59,7.63,-4.86
19,Jogging,130129721620000,-19.23,18.2,-9.19
19,Jogging,130129761690000,-18.2,19.76,-6.78
19,Jogging,130129841646000,5.67,19.72,4.44
19,Jogging,130129881593000,8.5,9.77,0.8
19,Jogging,130129921480000,14.86,2.6,5.09
19,Jogging,130130001710000,2.14,2.03,-2.56
19,Jogging,130130041627000,-7.63,17.2,-3.3
19,Jogging,130130081636000,-19.23,19.76,-0.65
19,Jogging,130130121675000,-14.14,11.56,1.31
19,Jogging,130130201509000,-6.13,-2.3,-3.26
19,Jogging,130130241487000,-1.42,-5.48,-4.56
19,Jogging,130130281587000,-0.31,-4.79,-3.11
19,Jogging,130130321626000,-0.57,-1.65,-0.69
19,Jogging,130130401460000,-9.43,-1.12,-1.46
19,Jogging,130130441866000,-18.81,10.34,-5.05
19,Jogging,130130481477000,-19.23,17.77,-4.82
19,Jogging,130130521638000,-17.77,19.76,-6.7
19,Jogging,130130601656000,-0.93,19.08,5.13
19,Jogging,130130641481000,5.67,13.21,-1.8
19,Jogging,130130681642000,11.26,3.3,1.84
19,Jogging,130130721651000,13.91,-1.31,2.49
19,Jogging,130130761659000,4.21,8.39,-4.63
19,Jogging,130130843477000,-14.18,19.76,0.42
19,Jogging,130130890596000,-18.12,19.08,-2.22
19,Jogging,130130931306000,-11.88,-0.8,7.89
19,Jogging,130130971284000,-9.58,-2.18,-1.27
19,Jogging,130131011659000,-3.41,-5.13,-3.68
19,Jogging,130131091798000,-0.72,-2.18,-0.76
19,Jogging,130131131624000,-0.99,-0.99,1.92
19,Jogging,130131171663000,-7.63,-0.89,-0.93
19,Jogging,130131251497000,-19.23,18.39,-4.67
19,Jogging,130131291750000,-15.89,19.46,-5.28
19,Jogging,130131331636000,-9.7,18.81,-2.22
19,Jogging,130131371675000,-4.21,17.92,2.75
19,Jogging,130131451631000,5.2,2.72,0.19
19,Jogging,130131491792000,13.48,0.93,-0.31
19,Jogging,130131531496000,6.93,-1.8,0.72
19,Jogging,130131571657000,3.91,1.99,-1.31
19,Jogging,130131621950000,-9.3,19.76,-1.23
19,Jogging,130131701509000,-9.7,1.42,5.56
19,Jogging,130131741579000,-8.62,-4.79,0.04
19,Jogging,130131781618000,-5.33,-6.4,-4.29
19,Jogging,130131821504000,-1.99,-5.52,-4.1
19,Jogging,130131901552000,-1.46,-1.76,-0.93
19,Jogging,130131941713000,-5.67,-1.99,-1.69
19,Jogging,130131981599000,-13.33,5.94,-1.54
19,Jogging,130132021638000,-18.47,15.13,-5.94
19,Jogging,130132101533000,-10.38,19.04,-3.11
19,Jogging,130132141603000,1.61,18.66,1.76
19,Jogging,130132181612000,7.08,15.17,-0.34
19,Jogging,130132221498000,11.26,3.49,3.17
19,Jogging,130132301698000,4.99,-0.99,-0.42
19,Jogging,130132341676000,1.27,6.47,-4.94
19,Jogging,130132391847000,-15.79,19.76,3.36
19,Jogging,130132431703000,-17.01,18.66,-6.09
19,Jogging,130132471498000,-11.14,0.15,9.47
19,Jogging,130132551729000,-4.21,-4.33,-3.68
19,Jogging,130132591615000,-1.54,-4.9,-3.79
19,Jogging,130132631502000,-1.54,-2.26,-1.46
19,Jogging,130132671663000,-1.5,-1.18,-0.53
19,Jogging,130132751649000,-17.82,10.99,-4.18
19,Jogging,130132791658000,-19.19,17.82,-5.13
19,Jogging,130132831667000,-16.4,19.76,-6.17
19,Jogging,130132871522000,-8.5,18.89,-2.37
19,Jogging,130132951631000,7.16,12.15,-0.27
19,Jogging,130132991579000,5.56,1.73,3.17
19,Jogging,130133031496000,12.22,0.8,2.87
19,Jogging,130133071687000,6.7,-1.46,-0.08
19,Jogging,130133151521000,-7.7,19.5,0.11
19,Jogging,130133191774000,-18.81,19.72,-5.71
19,Jogging,130133231508000,-12.76,3.45,8.5
19,Jogging,130133271516000,-8.01,-1.92,1.38
19,Jogging,130133351686000,-0.31,-5.41,-3.64
19,Jogging,130133391542000,-0.95,-2.53,-1.61
19,Jogging,130133431642000,-0.57,-1.23,-0.89
19,Jogging,130133471651000,-4.29,-1.04,-4.14
19,Jogging,130133551637000,-19.23,18.58,-0.95
19,Jogging,130133591768000,-16.04,19.76,-6.55
19,Jogging,130133631502000,-7.97,19.38,-2.98
19,Jogging,130133671632000,-1.08,18.77,5.28
19,Jogging,130133751497000,4.79,1.69,-1.18
19,Jogging,130133791780000,8.92,-0.89,-1.27
19,Jogging,130133831636000,6.05,-2.53,-1.31
19,Jogging,130133871645000,2.45,0.5,-2.76
19,Jogging,130133911653000,0.8,19.76,-5.18
19,Jogging,130133991731000,-15.32,10.27,5.43
19,Jogging,130134031618000,-9.85,-1.69,6.21
19,Jogging,130134071504000,-4.56,-1.42,-2.03
19,Jogging,130134151491000,0.11,-3.91,-1.42
19,Jogging,130134191713000,-0.42,-1.42,-0.08
19,Jogging,130134231477000,-5.24,-2.98,5.01
19,Jogging,130134271669000,-12.26,4.67,-7.89
19,Jogging,130134351472000,-16.89,17.43,-1.84
19,Jogging,130134471376000,-2.37,12.87,0.65
19,Jogging,130134471376000,-2.37,12.87,0.65
19,Jogging,130134471376000,-2.37,12.87,0.65
19,Jogging,130134511476000,2.98,1.04,-1.5
19,Jogging,130134591737000,9,-0.61,-3.11
19,Jogging,130134631624000,5.82,-0.61,-2.56
19,Jogging,130134671632000,2.37,12.87,-4.06
19,Jogging,130134751527000,-18.16,16.89,-0.84
19,Jogging,130134797334000,-11.92,0.19,4.56
19,Jogging,130134834627000,-9.58,-2.6,-3.15
19,Jogging,130134871522000,-3.64,-5.28,-3.68
19,Jogging,130134951601000,0.3,-2.64,-1.69
19,Jogging,130134991701000,-0.08,-1.61,-0.42
19,Jogging,130135031465000,-4.56,-2.53,-2.22
19,Jogging,130135071657000,-14.29,4.94,-1.92
19,Jogging,130135151613000,-18.85,19.72,-5.67
19,Jogging,130135191774000,-12.72,19.34,-4.4
19,Jogging,130135231599000,-1.61,19.72,2.53
19,Jogging,130135271669000,6.97,15.36,-0.57
19,Jogging,130135351625000,11.73,-1.27,1.14
19,Jogging,130135391786000,2.83,-2.34,0
19,Jogging,130135431673000,1.46,2.6,-2.87
19,Jogging,130135471498000,-7.93,18.62,-2.26
19,Jogging,130135551637000,-10.95,1.46,8.69
19,Jogging,130135591615000,-8.73,-2.45,1.33
19,Jogging,130135631593000,-3.34,-2.91,-1.92
19,Jogging,130135671510000,0.46,-5.63,-2.49
19,Jogging,130135751558000,-1.76,-1.08,2.26
19,Jogging,130135791689000,-7.78,-3.49,5.86
19,Jogging,130135831575000,-16.36,6.93,-2.72
19,Jogging,130135871522000,-19.23,17.05,-0.11
19,Jogging,130135951479000,-12.41,14.82,-2.72
19,Jogging,130135992738000,-7.59,13.72,6.7
19,Jogging,130136032167000,-0.95,14.9,-1.73
19,Jogging,130136071657000,5.63,8.31,0.89
19,Jogging,130136111513000,9.72,4.25,1.42
19,Jogging,130136161928000,5.18,0.08,-0.5
19,Jogging,130136244112000,-11.73,19.72,2.07
19,Jogging,130136281374000,-19.15,18.89,-3.6
19,Jogging,130136321657000,-11.45,2.18,7.65
19,Jogging,130136361574000,-8.85,-3.36,-3.02
19,Jogging,130136441591000,0.38,-5.01,-4.06
19,Jogging,130136481447000,0.04,-2.87,-1.61